source_site,course_name,course_type,price_raw,price_currency,price_original,duration,start_date,instructor,modality,certification,methodology,content,url,brochure_url
DMC,Especialización Power Apps y Power Automate,Especialización,,,,,,,,,,,https://dmc.pe/producto/esp-power-apps-power-automate-noviembre,
DMC,Membresía Semestral,,,,,6 meses,,Expertos docentes con experiencia en importantes empresas.,,1 certificado digital,Cursos asíncronos que permiten a los profesionales capacitarse a su ritmo y desde cualquier lugar.,"Más de 80 cursos sobre BI, Analytics, Big Data, y Data Trends, con un enfoque en herramientas analíticas y metodologías actuales.",https://dmc.pe/producto/membresia-semestral,Downloaded via Form
DMC,Especialización en Data Stewardship,Especialización,,,,,,,,,,,https://dmc.pe/producto/especializacion-en-data-stewardship-febrero,
DMC,Power BI Nivel 2,,,,,24 horas académicas,,Docentes destacados expertos en data & analytics con más de 15 años de experiencia.,,1 certificado a nombre de DMC INSTITUTE,Metodología 'Aprende haciendo' que permite a los participantes mejorar su situación laboral.,"Módulos sobre Inteligencia de Negocios, Modelamiento de Datos y Lenguaje DAX, y Business Visualization, incluyendo la construcción de modelos multidimensionales y diseño de dashboards.",https://dmc.pe/producto/power-bi-nivel-2-enero,Downloaded via Form
DMC,Data Storytelling,Curso,,,,16 horas académicas,,"Más de 15 años de experiencia en capacitación en análisis de datos, con docentes en cargos importantes en áreas analíticas.",,1 certificado a nombre de DMC PERÚ,"Clases en vivo, aprendizaje práctico con casos reales, soporte técnico y acceso a materiales complementarios en una plataforma E-Learning.","Fundamentos de Storytelling, factores asociados al storytelling, visualización y dashboards, percepciones y el proceso de storytelling, y casos de estudio sobre visualización de datos.",https://dmc.pe/producto/data-storytelling-enero,Downloaded via Form
DMC,Python Fundamentals,,,,,24 horas académicas,,Docentes destacados expertos en data & analytics con más de 15 años de experiencia.,,1 certificado a nombre de DMC INSTITUTE,Aprende haciendo,"Módulos incluyen: Herramientas para trabajar con Python, Tipos y estructuras de dato, Cálculos numéricos con la librería Numpy, Programación funcional orientada a objetos.",https://dmc.pe/producto/python-fundamentals-enero,Downloaded via Form
DMC,Automatización con Power Apps y Power Automate,,,,,32 horas académicas,,Docentes destacados expertos en data & analytics con más de 16 años de experiencia.,,1 certificado a nombre de DMC PERÚ,Metodología 'Aprende haciendo' que permite a los participantes mejorar su situación laboral.,"Módulos sobre fundamentos de Power Apps, programación low-code, modelamientos de datos estructurados, manipulación de datos relacionales, y fundamentos de Power Automate.",https://dmc.pe/producto/automatizacion-con-power-apps-y-power-automate-noviembre,Downloaded via Form
DMC,DATAPRO PLATINUM ANUAL,,,,,,,,,,,,https://dmc.pe/producto/datapro-platinum-anual,
DMC,DATAPRO PLATINUM SEMESTRAL,,,,,6 meses,,,,,,,https://dmc.pe/producto/datapro-platinum-semestral,
DMC,IA DEVELOPER PLATINUM SEMESTRAL,,,,,,,,,,,,https://dmc.pe/producto/ia-developer-platinum-semestral,
DMC,Análisis de Datos,,,,,,,,,,,,https://dmc.pe/producto/membresia-analisis-de-datos,
DMC,Membresía Anual,,S/480,PEN,,290 horas,,Expertos docentes con experiencia en importantes empresas.,,1 certificado digital,Cursos asíncronos que permiten a los profesionales capacitarse a su ritmo y desde cualquier lugar.,"Más de 80 cursos sobre BI, Analytics, Big Data, y Data Trends, con un enfoque en herramientas analíticas y metodologías actuales.",https://dmc.pe/producto/membresia-anual,Downloaded via Form
DMC,DATAPRO INFINITY ANUAL,,,,,,,,,,,,https://dmc.pe/producto/datapro-infinity-anual,
SmartData,Ingeniería de Datos e IA con AWS,Curso,S/480,PEN,S/600,120 horas,,José Zamalloa,En vivo,,,,https://smartdata.com.pe/curso/ingenieria-datos-ia-aws/,
SmartData,Ciencia de Datos e IA Generativa con Python,Curso,S/480,PEN,S/600,120 horas,,,,,,,https://smartdata.com.pe/curso/ciencia-datos-ia-generativa-python/,
SmartData,Chief AI Officer: Estrategia e Implementación de IA y Datos,,,,,,,Antonio Ramírez,,,,,https://smartdata.com.pe/curso/chief-ai-officer-estrategia-ia-datos/,
SmartData,Arquitecto de Soluciones en Azure,Curso,S/480,PEN,S/600,120 horas,,,,,,,https://smartdata.com.pe/curso/arquitecto-soluciones-azure/,
SmartData,DevSecOps con Microsoft Azure,Curso,S/480,PEN,S/600,120 horas,,,En vivo,,,,https://smartdata.com.pe/curso/devsecops-con-microsoft-azure/,
SmartData,Ingenieria de Datos con Microsoft Fabric,,,,,,,,,,,,https://smartdata.com.pe/curso/ingenieria-datos-con-microsoft-fabric/,
SmartData,,,,,,,,,,,,,https://smartdata.com.pe/cursos/,
SmartData,Análisis de Datos con SQL,Curso,S/480,PEN,S/600,120 horas,,,,,,,https://smartdata.com.pe/curso/analisis-datos-sql/,
SmartData,Automatización y Agentes IA con Microsoft Power Platform,,,,,,,,,,,,https://smartdata.com.pe/curso/automatizacion-agentes-ia-microsoft-power-platform/,
SmartData,IA Generativa Aplicada: LLM’s y Automatización Inteligente,Curso,S/480,PEN,S/600,120 horas,,,En vivo,,,,https://smartdata.com.pe/curso/ia-generativa-aplicada-llm-automatizacion-inteligente/,
SmartData,,,,,,,,,,,,,https://smartdata.com.pe/curso/estrategia-gobierno-datos/,
SmartData,Ingeniería de Datos e IA con GCP,Curso,S/480,PEN,S/600,120 horas,,Danny Yáñez,En vivo,,,,https://smartdata.com.pe/curso/ingenieria-datos-ia-gcp/,
SmartData,Ingeniería de Datos e IA con Databricks,,,,,,,,,,,,https://smartdata.com.pe/curso/ingenieria-datos-ia-con-databricks/,
SmartData,Ciberseguridad en Azure,Curso,S/480,PEN,S/600,120 horas,,,En vivo,,,,https://smartdata.com.pe/curso/ciberseguridad-en-azure/,
SmartData,Arquitecto de Soluciones en AWS,Curso,S/480,PEN,S/600,120 horas,,José Zamalloa,En vivo,,,,https://smartdata.com.pe/curso/arquitecto-soluciones-aws/,
NewHorizons,,,,,,,,,,,,,https://www.newhorizons.edu.pe/cursos-y-certificaciones-internacionales/cloud,
NewHorizons,,,,,,,,,,,,,https://www.newhorizons.edu.pe/cursos-y-certificaciones-internacionales/servidores-y-redes,
NewHorizons,AZ-800T00: Administering Windows Server Hybrid Core Infrastructure,,,,,43 Académicas,,,,"['Certificado de participación con validez internacional, a nombre de New Horizons Corporation', 'Certificado de participación con validez internacional, a nombre de Microsoft']","El curso combina clases en tiempo real y acceso a laboratorios Microsoft durante 6 meses, con un manual digital oficial de Microsoft.","El curso cubre la administración y configuración de infraestructuras híbridas de Windows Server, incluyendo gestión de identidad, redes, virtualización, seguridad, alta disponibilidad y recuperación ante desastres.",https://www.newhorizons.edu.pe/cursos-y-certificaciones-internacionales/servidores-y-redes/az-800t00-administering-windows-server-hybrid-core-infrastructure,Downloaded via Form
NewHorizons,Cybersecurity Fundamentals (CSX),,,,,27 Académicas,,,,"Certificado de participación con validez internacional, a nombre de New Horizons Corporation",Curso orientado a la certificación internacional con material de estudios digital orientado al examen de certificación.,"Módulos incluyen introducción a la ciberseguridad, seguridad en redes, principios de arquitectura de ciberseguridad, respuestas a incidentes, y implicaciones de seguridad y adopción de la tecnología evolutiva.",https://www.newhorizons.edu.pe/cursos-y-certificaciones-internacionales/ciberseguridad/cybersecurity-fundamentals-csx,Downloaded via Form
NewHorizons,Certified in Risk and Information Systems Control,,,,,27 Académicas,,,,1 Certificado de participación con validez internacional,"Clases en tiempo real, acceso a material de estudios digital, y grabaciones de clases disponibles por 90 días.","Módulos incluyen identificación del riesgo TI, evaluación del riesgo TI, respuesta y mitigación del riesgo, y monitoreo y reporte de riesgo y control.",https://www.newhorizons.edu.pe/cursos-y-certificaciones-internacionales/ciberseguridad/certified-in-risk-and-information-systems-control,Downloaded via Form
NewHorizons,Curso Oficial  ISO 22301 Lead Implementer,,,,,5 días,,Experiencia en continuidad del negocio y gestión de sistemas de gestión de la continuidad del negocio.,,"Atestación de Finalización del Curso, 31 créditos DPC","Capacitación teórica y práctica con material de más de 450 páginas, acceso a clases grabadas por 90 días, y discusiones en tiempo real.","Módulos sobre introducción a ISO 22301, implementación de un SGCN, análisis de impacto, gestión de crisis, auditoría interna, y preparación para la certificación.",https://www.newhorizons.edu.pe/cursos-y-certificaciones-internacionales/gestion-y-procesos-de-ti/curso-oficial-iso-22301-lead-implementer,Downloaded via Form
NewHorizons,Taller de Microsoft Project y Power BI,,,,,8 horas académicas,,Trainer Certificado con experiencia en gestión de proyectos y herramientas digitales avanzadas.,,"Certificado de participación con validez internacional, a nombre de New Horizons Corporation",Clases en tiempo real con acceso a grabaciones por 90 días y un año de acceso al curso.,"Módulos sobre preparación de datos de Microsoft Project para Power BI, modelado de datos, creación de dashboards, y técnicas de visualización de información.",https://www.newhorizons.edu.pe/cursos-y-certificaciones-internacionales/gestion-de-proyectos/taller-de-microsoft-project-y-power-bi,Downloaded via Form
NewHorizons,Certified Penetration Testing Professional (CPENT) EC-Council,,,,,,,,,,Clases en tiempo real con acceso a una plataforma en la nube.,,https://www.newhorizons.edu.pe/cursos-y-certificaciones-internacionales/ciberseguridad/certified-penetration-testing-professional-cpent-ec-council,Downloaded via Form
NewHorizons,ITIL® 4 Fundamentos,,,,,27 Académicas,,,,"2 certificates: Carta de participación a nombre de New Horizons, Certificación Internacional a nombre de Axelos - People Cert",Clases en tiempo real con acceso a grabaciones y discusiones en vivo.,"Módulos incluyen introducción a ITIL 4, sistema de valor de servicio, mejora continua, principios rectores, y prácticas de ITIL.",https://www.newhorizons.edu.pe/cursos-y-certificaciones-internacionales/gestion-y-procesos-de-ti/itil-4-fundamentos,Downloaded via Form
NewHorizons,Microsoft Office,,,,,,,,,,,,https://www.newhorizons.edu.pe/cursos-y-certificaciones-internacionales/microsoft-office,
NewHorizons,AZ-104T00: Administrador de Microsoft Azure,,,,,43 Académicas,,,,"2 certificados: Certificado de participación con validez internacional a nombre de New Horizons Corporation, Certificado de participación con validez internacional a nombre de Microsoft","Clases en tiempo real, acceso a laboratorios Microsoft durante 6 meses, manual digital oficial Microsoft, acceso al curso por un año.","Módulos incluyen: Identidad, Gobernanza y cumplimiento, Administración de Azure, Redes virtuales, Gestión de Procesos de Negocio, Protección de datos, Gestión del tráfico de la red virtual, Monitoreo.",https://www.newhorizons.edu.pe/cursos-y-certificaciones-internacionales/cloud/az-104t00-administrador-de-microsoft-azure,Downloaded via Form
NewHorizons,"Taller Diseño Instruccional Genially, Canvas e IA",,,,,,,,,,,,https://www.newhorizons.edu.pe/cursos-y-certificaciones-internacionales/educacion/taller-diseno-instruccional-genially-canvas-ia,
NewHorizons,OKR Certified Professional,,,,,12 Académicas,,,,"2 certificados: Certificado de participación con validez internacional de New Horizons Corporation y Certificado de participación con validez internacional de Certiprof, previa aprobación del examen.","Clases en tiempo real, acceso a clases grabadas, discusiones en tiempo real con un máximo de 20 alumnos.","El curso cubre la implementación y gestión del ciclo de vida de los OKR, diferenciación de OKR de otros sistemas, redacción de objetivos y resultados clave, integración de OKRs, gestión del ciclo de vida completo, buenas prácticas y errores comunes.",https://www.newhorizons.edu.pe/cursos-y-certificaciones-internacionales/inteligencia-de-negocios/okr-certified-professional,Downloaded via Form
NewHorizons,Curso Inteligencia Artificial con Microsoft Copilot y Herramientas Microsoft 365,,,,,20 Horas Cronológicas,,,,"Certificado de participación con validez internacional, a nombre de New Horizons Corporation","Curso práctico y orientado a resultados que capacita en el uso estratégico de la inteligencia artificial con Microsoft Copilot en Microsoft 365, aplicando buenas prácticas y casos reales.","Módulos incluyen fundamentos de IA y Microsoft Copilot, aplicación en Word y Outlook, análisis en Excel, diseño de presentaciones en PowerPoint, gestión de reuniones en Teams, generación de prompts eficaces, y herramientas complementarias a Copilot.",https://www.newhorizons.edu.pe/cursos-y-certificaciones-internacionales/ia-agilidad-e-innovacion/curso-inteligencia-artificial-con-microsoft-copilot-y-herramientas-microsoft-365,Downloaded via Form
NewHorizons,Ciencia de datos,,,,,,,,,,,,https://www.newhorizons.edu.pe/cursos-y-certificaciones-internacionales/inteligencia-de-negocios,
NewHorizons,ISTQB Fundation V4,,,,,32 Académicas,,,,Certificado de participación con validez internacional,"Clases en tiempo real, acceso a clases grabadas por 90 días, discusiones en tiempo real con compañeros e instructor.","Fundamentos de Pruebas de Software, Pruebas durante todo el Ciclo de vida del Software, Pruebas Estáticas, Técnicas de Pruebas, Gestión de Pruebas, Herramientas de apoyo a las Prueba.",https://www.newhorizons.edu.pe/cursos-y-certificaciones-internacionales/desarrollo-de-software/istqb-fundation-v4,Downloaded via Form
NewHorizons,Project Management Professional (PMBOK 7),,,,,53 Académicas,,,,"Certificado de participación con validez internacional, a nombre de New Horizons Corporation",Clases en tiempo real con acceso a grabaciones durante 90 días y discusiones en tiempo real con un máximo de 20 alumnos.,"Módulos incluyen Introducción a los Principios, Sistema de Entrega del Valor, Mayordomía y construcción del equipo, Involucramiento de interesados, Pensamiento holístico y liderazgo, y otros dominios relacionados con la gestión de proyectos.",https://www.newhorizons.edu.pe/cursos-y-certificaciones-internacionales/gestion-de-proyectos/project-management-professional-pmbok-7,Downloaded via Form
NewHorizons,Ciberseguridad,,,,,,,,,,,,https://www.newhorizons.edu.pe/cursos-y-certificaciones-internacionales/ciberseguridad,
NewHorizons,,,,,,,,,,,,,https://www.newhorizons.edu.pe/cursos-y-certificaciones-internacionales/aplicativos,
NewHorizons,Business Process Management (BPM),,,,,48 Horas académicas,,,,1 Certificado de participación con validez internacional,Enfoque práctico y estratégico que integra teoría y práctica para desarrollar competencias en arquitectura de procesos y transformación digital.,"Módulos sobre estrategia y arquitectura de procesos, modelamiento y simulación de procesos, mejora y control de procesos, gobierno y transformación digital, y un taller de modelamiento y simulación.",https://www.newhorizons.edu.pe/cursos-y-certificaciones-internacionales/gestion-y-procesos-de-ti/business-process-management-bpm,Downloaded via Form
NewHorizons,AZ 900 CON IA Microsoft Azure,,,,,21 Académicas,21 Enero,,,2 certificados: Certificado de participación con validez internacional a nombre de New Horizons Corporation y Certificado de participación con validez internacional a nombre de Microsoft,Clases en tiempo real con acceso a laboratorios Microsoft durante 6 meses y manual digital oficial Microsoft.,"El curso cubre conceptos fundamentales de inteligencia artificial, servicios de visión por computadora, procesamiento de lenguaje natural, inteligencia documental, minería de conocimientos y generativa AI.",https://www.newhorizons.edu.pe/cursos-y-certificaciones-internacionales/cloud/az-900-con-ia-microsoft-azure,Downloaded via Form
NewHorizons,COBIT 2019,,,,,21 Académicas,,,,"Certificado de participación con validez internacional, a nombre de New Horizons Corporation",Curso orientado a la certificación internacional con acceso a clases grabadas y en tiempo real.,"Módulos incluyen: Introducción al marco de referencia de COBIT®, Principios, Componentes del Sistema de Gobierno, Objetivos de Gobierno y Gestión, Gestión de Desempeño en COBIT®, Diseñando un Sistema de Gobierno personalizado, El caso de negocio de COBIT®, Implementando el Gobierno Empresarial sobre TI, Conclusiones y Preguntas, Simulacro.",https://www.newhorizons.edu.pe/cursos-y-certificaciones-internacionales/gestion-y-procesos-de-ti/cobit-2019,Downloaded via Form
NewHorizons,Ciencia de datos,,,,,,,,,,,,https://www.newhorizons.edu.pe/cursos-y-certificaciones-internacionales/ciencia-de-datos,
NewHorizons,Curso de MS Project,,,,,32 horas académicas,,,,"Certificado de participación con validez internacional, a nombre de New Horizons Corporation","Clases en tiempo real, con un enfoque práctico en la gestión de proyectos utilizando Microsoft Project 2024.","El curso cubre fundamentos de Microsoft Project, creación de estructuras de proyecto, gestión de recursos y costos, análisis de la ruta crítica, control y seguimiento avanzado, nivelación de recursos, y gestión de múltiples proyectos.",https://www.newhorizons.edu.pe/cursos-y-certificaciones-internacionales/microsoft-office/curso-de-ms-project,Downloaded via Form
NewHorizons,Curso TIC para Ambientes Pedagógicos Innovadores,,,,,32 horas académicas,,"Maestría en Computación e Informática y en Docencia Universitaria, con experiencia en virtualización y procesos formativos en el Ministerio de Educación del Perú.",,1 certificado de aprobación,"En línea con instructor en vivo, incluye acceso a clases grabadas y refuerzo de contenidos.","Módulos sobre TIC en educación, herramientas de productividad, recursos educativos digitales, colaboración con TIC, evaluación digital inclusiva, e innovación y ética digital.",https://www.newhorizons.edu.pe/cursos-y-certificaciones-internacionales/educacion/curso-tic-para-ambientes-pedagogicos-innovadores,Downloaded via Form
NewHorizons,Power Apps y Power Automate,,,,,36 Académicas,,,,"1 Certificado de participación con validez internacional, emitido a nombre de New Horizons Corporation.","Clases en tiempo real, acceso a material de estudios descargable, laboratorios en la nube, y acceso al curso por un año.","El curso cubre la creación de aplicaciones empresariales sin código con Power Apps y la automatización de flujos de trabajo con Power Automate, incluyendo la integración con Microsoft 365 y servicios externos.",https://www.newhorizons.edu.pe/cursos-y-certificaciones-internacionales/gestion-y-procesos-de-ti/power-apps-y-power-automate,Downloaded via Form
NewHorizons,Curso de MS Power BI con AI,,,,,48 horas Académicas,,,,1 Certificado de participación con validez internacional,"Clases en tiempo real, acceso a grabaciones por 90 días, discusión en tiempo real con compañeros e instructor.","El curso cubre tres niveles: Básico (Fundamentos, conexión de datos, creación de reportes), Intermedio (Modelado de datos, DAX, automatización), Avanzado (IA en Power BI, modelos predictivos, análisis de tendencias).",https://www.newhorizons.edu.pe/cursos-y-certificaciones-internacionales/microsoft-office/curso-de-ms-power-bi-con-ai,Downloaded via Form
NewHorizons,PECB - ISO 27001 Information Security Management Systems,,,,,,,,,,,,https://www.newhorizons.edu.pe/cursos-y-certificaciones-internacionales/ciberseguridad/pecb-iso-27001-information-security-management-systems,
NewHorizons,"ITIL® 4 Specialist: Create, Delivery and Support",,,,,32 Académicas,,,,"2 - Carta de participación a nombre de New Horizons, Certificación Internacional a nombre de Axelos - People Cert",Clases en tiempo real con acceso a simulador de ITIL por 4 meses y material oficial.,"Módulos sobre planificación y construcción de flujos de valor de servicio, prácticas relevantes de ITIL, gestión de recursos, y soporte a usuarios.",https://www.newhorizons.edu.pe/cursos-y-certificaciones-internacionales/gestion-y-procesos-de-ti/itil-4-specialist-create-delivery-and-support,Downloaded via Form
NewHorizons,Programación con python para el tratamiento de datos,,,,,53 Académicas,,,,1 Certificado de participación con validez internacional,"Clases en tiempo real, acceso a clases grabadas, discusiones en tiempo real con compañeros e instructor.","Módulos incluyen introducción a Python, clases, tipos de objetos, uso de Numpy y Pandas, preprocesamiento de datos, regresión lineal y logística, clustering, y algoritmos de clasificación y asociación.",https://www.newhorizons.edu.pe/cursos-y-certificaciones-internacionales/desarrollo-de-software/programacion-con-python-para-el-tratamiento-de-datos,Downloaded via Form
NewHorizons,Certified Ethical Hacker V13 (CEH) EC-Council,,,,,53 Académicas,,,,"2 certificates: Certificado de participación con validez internacional, Certificación Internacional CEH v13","Combination of theoretical training and practical labs with real-world scenarios, enhanced by artificial intelligence.","20 modules covering over 550 attack techniques, including advanced attack techniques, threat detection, and practical labs.",https://www.newhorizons.edu.pe/cursos-y-certificaciones-internacionales/ciberseguridad/certified-ethical-hacker-v13-ceh-ec-council,Downloaded via Form
NewHorizons,Certified Information Systems Auditor (CISA),,,,,27 Académicas,,,,"Certificado de participación con validez internacional, a nombre de New Horizons Corporation","Clases en tiempo real, acceso a clases grabadas por 90 días, discusiones en tiempo real con un máximo de 20 alumnos.","Módulos incluyen: Proceso de auditoría de sistemas, Gobierno y gestión de TI, Protección de los activos de información, y más, abarcando temas como análisis de riesgos, controles internos, y auditoría de infraestructura.",https://www.newhorizons.edu.pe/cursos-y-certificaciones-internacionales/ciberseguridad/certified-information-systems-auditor-cisa,Downloaded via Form
NewHorizons,"ITIL® 4 Specialist: Monitor, Support and Fulfil",,,,,24 horas académicas,,Instructores acreditados y certificados con reconocimiento internacional.,,"1 certificado (ITIL® 4 Specialist: Monitor, Support and Fulfil)","Curso en línea con instructor en vivo, incluye materiales oficiales y acceso a la plataforma durante 90 días.","El curso cubre 5 prácticas de gestión de ITIL 4: Gestión de Incidentes, Mesa de Servicio, Gestión de Solicitudes de Servicio, Monitoreo y Gestión de Eventos, y Gestión de Problemas.",https://www.newhorizons.edu.pe/cursos-y-certificaciones-internacionales/gestion-y-procesos-de-ti/curso-itil-4-specialist-monitor-support-and-fulfil,Downloaded via Form
NewHorizons,PECB- ISO 31000 Risk Management,,,,,3 días,,,,"2 certificados: Gerente de Riesgos Certificado en ISO 31000 por PECB, Certificado en ISO 31000 por PECB","Fusión de teoría y práctica a través de pruebas, ejercicios, estudios de casos y similares.","Introducción a ISO 31000, principios y proceso de gestión del riesgo, establecimiento del marco, evaluación y tratamiento de riesgos, comunicación y consulta, examen de certificación.",https://www.newhorizons.edu.pe/cursos-y-certificaciones-internacionales/gestion-y-procesos-de-ti/pecb-iso-31000-risk-management,Downloaded via Form
NewHorizons,Gestión de Proyectos,,,,,,,,,,,,https://www.newhorizons.edu.pe/cursos-y-certificaciones-internacionales/gestion-de-proyectos,
NewHorizons,Scrum Product Owner Certified,,,,,21 Horas Académicas,,,,2 certificados: Certificado de participación a nombre de New Horizons Corporation y Certificado de participación a nombre de SCRUMstudy (previa aprobación del examen),"Clases en vivo y materiales oficiales de SCRUMstudy, con un enfoque estructurado en los principios, roles y procesos de Scrum.","Módulos incluyen: Descripción ágil y de Scrum, Papeles de Scrum, Planificación en Scrum, Implementación de Scrum, y gestión adaptativa de proyectos.",https://www.newhorizons.edu.pe/cursos-y-certificaciones-internacionales/agiles/scrum-product-owner-certified,Downloaded via Form
NewHorizons,Especialización de SQL Server 2022,Especialización,,,,72 Académicas,,,,1 Certificado de participación con validez internacional,"Clases en tiempo real, acceso a clases grabadas por 90 días, discusiones en tiempo real con compañeros e instructor.","El curso cubre la instalación, administración, seguridad, y optimización de SQL Server 2022, incluyendo temas como transacciones, auditorías, gestión de índices, y la integración con Microsoft Azure.",https://www.newhorizons.edu.pe/cursos-y-certificaciones-internacionales/inteligencia-de-negocios/especializacion-de-sql-server-2022,Downloaded via Form
NewHorizons,Curso de MS PL-300 (Power BI Data Analyst Associate),,,,,32 Académicas,,,,"2 certificados: Certificado de participación con validez internacional a nombre de New Horizons Corporation, Certificado de participación con validez internacional a nombre de Microsoft",Curso orientado al examen con laboratorios y material oficial de Microsoft.,"Módulos incluyen: Introducción a Microsoft Power BI, análisis de datos, creación de informes y paneles, optimización de modelos, DAX, y seguridad en Power BI.",https://www.newhorizons.edu.pe/cursos-y-certificaciones-internacionales/microsoft-office/curso-de-ms-pl-300-power-bi-data-analyst-associate,Downloaded via Form
NewHorizons,"Taller CCNA v7: Switching, Routing and Wireless",,,,,53 Académicas,,,,1 Certificado de participación con validez internacional,Clases en tiempo real con acceso a laboratorios y manual digital de estudios.,"Módulos sobre enrutamiento, configuración de redes, protocolos de enrutamiento, seguridad en redes, y tecnologías inalámbricas.",https://www.newhorizons.edu.pe/cursos-y-certificaciones-internacionales/servidores-y-redes/taller-ccna-v7-switching-routing-and-wireless,Downloaded via Form
NewHorizons,Gestión y Procesos de TI,,,,,,,,,,,,https://www.newhorizons.edu.pe/cursos-y-certificaciones-internacionales/gestion-y-procesos-de-ti,
NewHorizons,Certified Information Systems Security Professional (CISSP),,,,,40 Académicas,,,,1 Certificado de participación con validez internacional,Clases en tiempo real con acceso a material de estudios digital y grabaciones por 90 días.,"El curso cubre temas de ciberseguridad, incluyendo gestión de riesgos, protección de activos, ingeniería de seguridad, seguridad en redes, gestión de identidad y acceso, evaluación de seguridad, operaciones de seguridad y desarrollo seguro de software.",https://www.newhorizons.edu.pe/cursos-y-certificaciones-internacionales/ciberseguridad/certified-information-systems-security-professional-cissp,Downloaded via Form
NewHorizons,AZ-900: Microsoft Azure Fundamentals,,,,,21 Académicas,,,,2 certificados: Certificado de participación con validez internacional a nombre de New Horizons Corporation y Certificado de participación con validez internacional a nombre de Microsoft,"Clases en tiempo real, acceso a laboratorios Microsoft durante 6 meses, manual digital oficial Microsoft, acceso al curso por un año.","El curso cubre conceptos básicos de Azure, servicios centrales de Azure, seguridad y cumplimiento, administración de costos, y herramientas para crear soluciones en la nube.",https://www.newhorizons.edu.pe/cursos-y-certificaciones-internacionales/cloud/az-900-microsoft-azure-fundamentals,Downloaded via Form
NewHorizons,Curso Digital Forensics Essentials - ECCOUNCIL,,,,,32 horas académicas,,"Mario Farias-Elinos, con más de 15 años en seguridad informática, instructor oficial de EC-Council y CISO de RedCUDI, con experiencia en pentesting y ciberseguridad.",,1 certificado - Digital Forensics Essentials (DFE),"Programa práctico e inmersivo diseñado para adquirir habilidades técnicas en ciberseguridad, accesible y asequible para principiantes y profesionales en transición.","Módulos incluyen fundamentos de informática forense, proceso de investigación, comprensión de discos duros, adquisición de datos, técnicas anti-forenses, y análisis forense en Windows.",https://www.newhorizons.edu.pe/cursos-y-certificaciones-internacionales/ciberseguridad/curso-digital-forensics-essentials-eccouncil,Downloaded via Form
NewHorizons,AZ-204T00-A: Developing Solutions for Microsoft Azure,,,,,53 Académicas,,,,"2 certificados: Certificado de participación con validez internacional a nombre de New Horizons Corporation, Certificado de participación con validez internacional a nombre de Microsoft","Clases en tiempo real, acceso a laboratorios Microsoft durante 6 meses, manual digital oficial Microsoft, acceso al curso por un año.","El curso cubre la creación de aplicaciones web, implementación de funciones de Azure, desarrollo de soluciones que utilizan Azure Blob Storage y Cosmos DB, autenticación y autorización de usuarios, implementación de soluciones seguras en la nube, y desarrollo de aplicaciones lógicas del servicio.",https://www.newhorizons.edu.pe/cursos-y-certificaciones-internacionales/cloud/az-204t00-a-developing-solutions-for-microsoft-azure,Downloaded via Form
NewHorizons,CompTIA Security+,,,,,53 Académicas,,Acceso a los mejores instructores certificados y valorados del mercado.,,"Certificado de participación con validez internacional, a nombre de New Horizons Corporation",Clases en tiempo real con acceso a grabaciones por 90 días y un año de acceso al curso.,"El curso cubre temas como la evaluación de la postura de seguridad, gestión de identidad y acceso, protección de la arquitectura de red, gestión de riesgos, y respuesta a incidentes de seguridad.",https://www.newhorizons.edu.pe/cursos-y-certificaciones-internacionales/ciberseguridad/comptia-security,Downloaded via Form
NewHorizons,Curso Internacional Hacking Ético y Evaluación de Vulnerabilidades,,,,,18 horas cronológicas,,"Magíster en Ciberseguridad y Gestión de la Información, con experiencia como Analista de Seguridad y Consultor de Seguridad de Aplicaciones.",,1 Certificado de participación a nombre de New Horizons,"Aprendizaje 100 % práctico en entornos simulados, con laboratorios reales que preparan para situaciones de ciberataque.","Módulos incluyen fundamentos de seguridad, ataques a aplicaciones web, redes inalámbricas, IoT, técnicas de cracking de contraseñas, ingeniería social, y pentesting.",https://www.newhorizons.edu.pe/cursos-y-certificaciones-internacionales/ciberseguridad/curso-internacional-hacking-etico-y-evaluacion-de-vulnerabilidades,Downloaded via Form
NewHorizons,PECB - ISO 27032 Lead Cybersecurity Manager,,,,,5 dias,,,,1 certificado de finalización del curso y 31 créditos DPC,"El curso combina teoría y práctica, con acceso a materiales extensos y la posibilidad de realizar el examen de certificación.","El curso cubre conceptos fundamentales de ciberseguridad, gestión de riesgos, controles de ciberseguridad, gestión de incidentes, y mejora continua del programa de ciberseguridad.",https://www.newhorizons.edu.pe/cursos-y-certificaciones-internacionales/ciberseguridad/pecb-iso-27032-lead-cybersecurity-manager,Downloaded via Form
NewHorizons,The Open Group Architecture Framework(TOGAF),,,,,,,,,,,,https://www.newhorizons.edu.pe/cursos-y-certificaciones-internacionales/arquitectura-en-ti/the-open-group-architecture-framework-togaf,
NewHorizons,Desarrollo de Software,,,,,,,,,,,,https://www.newhorizons.edu.pe/cursos-y-certificaciones-internacionales/desarrollo-de-software,
NewHorizons,"IA, Agilidad e innovacion",,,,,,,,,,,,https://www.newhorizons.edu.pe/course-outline/course/designthinking,
NewHorizons,,,,,,,,,,,,,https://www.newhorizons.edu.pe/cursos-y-certificaciones-internacionales/educacion,
NewHorizons,Scrum Master Certified,,,,,,,,,,,,https://www.newhorizons.edu.pe/cursos-y-certificaciones-internacionales/agiles/scrum-master-certified,
NewHorizons,Design Thinking,,,,,16 Académicas,,Trainer Certificado,,"Certificado de participación con validez internacional, Certificado internacional de CERTIPROF*","Enfoque estratégico que fomenta la colaboración, creatividad y experimentación en un entorno libre de juicios.","Módulos sobre introducción a la innovación, fases del Design Thinking, empatía, ideación, prototipado, evaluación, y proceso de certificación.",https://www.newhorizons.edu.pe/cursos-y-certificaciones-internacionales/agiles/design-thinking,Downloaded via Form
NewHorizons,DevOps Fundamentals,,,,,24 Académicas,,,,"Certificado de participación con validez internacional, a nombre de New Horizons Corporation","Clases en tiempo real, acceso a material complementario y guía oficial DevOps Fundamentals digital en español.","Módulos incluyen: Introducción a DASA, DevOps Fundamentals, Cultura, Automatización, Procesos, Medición, Compartición, Guía DASA, DevSecOps y estrategia de despliegue.",https://www.newhorizons.edu.pe/cursos-y-certificaciones-internacionales/agiles/devops-fundamentals,Downloaded via Form
NewHorizons,Curso Automatización Robótica de Procesos (RPA) con Power Automate,,,,,32 horas académicas,,Trainers certificados con experiencia en la materia.,,1 Certificado de participación con validez internacional,"Clases en tiempo real, acceso a clases grabadas por 90 días, y un proyecto final basado en un caso real.","Módulos sobre fundamentos de RPA, diseño de flujos en Power Automate, automatización de correos y archivos, introducción a Power Automate Desktop, buenas prácticas y un proyecto final de automatización.",https://www.newhorizons.edu.pe/cursos-y-certificaciones-internacionales/gestion-y-procesos-de-ti/curso-automatizacion-robotica-de-procesos-rpa-con-power-automate,Downloaded via Form
NewHorizons,"VMware vSphere: instalar, configurar, administrar [V8]",,,,,53 horas Académicas,,,,"Certificado de participación con validez internacional, a nombre de New Horizons Corporation",El curso se basa en sesiones teórico-prácticas que fomentan la participación activa y la consolidación del aprendizaje a través de actividades como análisis de casos y resolución de ejercicios.,"El curso cubre la virtualización y VMware vSphere, instalación y configuración de VMware ESXi y vCenter, gestión de máquinas virtuales, y despliegue y configuración de clústeres vSphere, entre otros temas.",https://www.newhorizons.edu.pe/cursos-y-certificaciones-internacionales/servidores-y-redes/vmware-vsphere-instalar-configurar-administrar-v8,Downloaded via Form
NewHorizons,EC-Council Certified Incident Handler,,,,,32 horas Académicas,,Instructores certificados que brindan una experiencia de capacitación de alto nivel con reconocimiento internacional.,,"Certificado de participación con validez internacional, Certificación Internacional a nombre de EC-Council (previa aprobación del examen)","Clases en tiempo real con un enfoque en la rápida detección y mitigación de amenazas cibernéticas, utilizando más de 50 laboratorios y 800 herramientas.","Módulos incluyen: Introducción al Manejo y Respuesta a Incidentes, Proceso de Manejo y Respuesta a Incidentes, Preparación Forense y Primera Respuesta, Manejo y Respuesta a Incidentes de Malware, Seguridad en Correo Electrónico, Redes, Aplicaciones Web, Nube y Amenazas Internas.",https://www.newhorizons.edu.pe/cursos-y-certificaciones-internacionales/ciberseguridad/ec-council-certified-incident-handler,Downloaded via Form
NewHorizons,Curso ISO/IEC 27005 Risk Manager,,,,,3 horas,,,,"4 certificados: Gerente Líder de Riesgos ISO/IEC 27005, Gerente ISO/IEC 27005, Gerente Líder de Riesgos ISO/IEC 27005, ISO/IEC 27005 Senior exam",Capacitación en línea en vivo con acceso a clases grabadas y material de capacitación de más de 450 páginas.,"Módulos sobre conceptos de gestión de riesgos, implementación de programas, identificación y tratamiento de riesgos, y metodologías de apreciación de riesgos como OCTAVE, EBIOS, MEHARI y ERA.",https://www.newhorizons.edu.pe/cursos-y-certificaciones-internacionales/gestion-y-procesos-de-ti/curso-iso-iec-27005-risk-manager,Downloaded via Form
NewHorizons,Curso Prompt Engineering y Creación de Agentes de IA Generativa,,,,,28 horas académicas,,Trainers certificados con experiencia en el campo.,,Certificado de participación con validez internacional,Enfoque teórico-práctico con laboratorios guiados para desarrollar competencias en diseño y aplicación de prompts.,"Módulos incluyen fundamentos de IA generativa, técnicas de redacción y optimización de prompts, razonamiento y flujos conversacionales, context engineering, evaluación y personalización, creación de agentes de IA generativa, y ética en el uso de IA.",https://www.newhorizons.edu.pe/cursos-y-certificaciones-internacionales/ia-agilidad-e-innovacion/curso-prompt-engineering-y-creacion-de-agentes-de-ia-generativa,Downloaded via Form
NewHorizons,AZ-305T00: Diseño de Soluciones de Infraestructura de Microsoft Azure,,,,,,,,,,,,https://www.newhorizons.edu.pe/cursos-y-certificaciones-internacionales/cloud/az-305t00-diseno-de-soluciones-de-infraestructura-de-microsoft-azure,
NewHorizons,Curso de MS Excel,,,,,48 horas Académicas,,,,1 Certificado de participación con validez internacional,Enfoque práctico y progresivo que integra Excel con la inteligencia artificial de Copilot.,Módulos que cubren desde el uso básico de Excel 365 y Copilot hasta herramientas avanzadas de análisis y visualización de datos.,https://www.newhorizons.edu.pe/cursos-y-certificaciones-internacionales/microsoft-office/curso-de-ms-excel,Downloaded via Form
NewHorizons,Certified Information Security Manager (CISM),,,,,27 Académicas,,,,1 Certificado de participación con validez internacional,"Clases en tiempo real, acceso a material de estudios digital, y grabaciones de clases disponibles por 90 días.","Módulos sobre gobierno de seguridad de la información, gestión de riesgos, gestión de incidentes de seguridad de la información, y desarrollo y gestión del programa de seguridad de la información.",https://www.newhorizons.edu.pe/cursos-y-certificaciones-internacionales/ciberseguridad/certified-information-security-manager-cism,Downloaded via Form
NewHorizons,"IA, Agilidad e innovacion",,,,,,,,,,,,https://www.newhorizons.edu.pe/cursos-y-certificaciones-internacionales/agilidad,
NewHorizons,Data Science con Machine Learning,,,,,56 Horas Académicas,,,,1 Certificado de participación con validez internacional a nombre de New Horizons Corporation,Metodología online en vivo con sesiones prácticas.,"El curso cubre fundamentos de Ciencia de Datos, Big Data, Machine Learning, Deep Learning, Procesamiento de Lenguaje Natural, Inteligencia Artificial Aplicada, Visualización y Business Intelligence, y Ética y Gobernanza en IA.",https://www.newhorizons.edu.pe/cursos-y-certificaciones-internacionales/transformacion-digital/data-science-con-machine-learning,Downloaded via Form
PUCP InfoPUCP,Alquimia Digital: Transforma tu Práctica Docente con IA,,,,,16 horas,,,,,,,https://infopucp.pucp.edu.pe/propuesta_academica/alquimia-digital-transforma-tu-practica-docente-con-ia/,
PUCP InfoPUCP,Curso Taller en Edición de Videos con Adobe Premiere Pro CC - Presencial,,,,,16 horas,,,Presencial,,,,https://infopucp.pucp.edu.pe/propuesta_academica/curso-taller-en-edicion-de-videos-con-adobe-premiere-pro-cc-presencial/,
PUCP InfoPUCP,"Diseño de Materiales Didácticos Interactivos con Genially, Canva y PowerPoint",,,,,12 horas,,,,,,,https://infopucp.pucp.edu.pe/propuesta_academica/diseno-de-materiales-didacticos-interactivos-con-genially-canva-y-powerpoint/,
PUCP InfoPUCP,Gamificación en el Aula: Transformando el Aprendizaje con Escape Rooms e Inteligencia Artificial,,,,,12 horas,,,,,,,https://infopucp.pucp.edu.pe/propuesta_academica/gamificacion-en-el-aula-transformando-el-aprendizaje-con-escape-rooms-e-inteligencia-artificial/,
PUCP InfoPUCP,Herramientas Digitales para la Evaluación Auténtica,,,,,12 horas,,,,,,,https://infopucp.pucp.edu.pe/propuesta_academica/herramientas-digitales-para-la-evaluacion-autentica/,
ED Team,Curso: Inteligencia Artificial para todos (2026),Curso,$40,USD,,2 horas,,,,,,,https://ed.team/cursos/ia,
ED Team,Curso: Crea agentes de voz con n8n,Curso,$15,USD,,3 horas,,,,,,,https://ed.team/cursos/agentes-n8n,
ED Team,Taller: Tu primer portafolio web profesional con Astro,Curso,$28,USD,,5 horas,,,,,,,https://ed.team/cursos/astro-portafolio,
ED Team,Curso: Microsoft Azure desde cero,Curso,$20,USD,,4 horas,,,,,,,https://ed.team/cursos/azure,
ED Team,Curso: Creación de Apps con React Native,Curso,$25,USD,,,,,,,,,https://ed.team/cursos/react-native,
ED Team,Curso: Affinity Designer 2 desde cero (2025),Curso,$28,USD,,8 horas,,,,,,,https://ed.team/cursos/affinity-designer,
ED Team,Curso: Big Data con Apache Spark,Curso,$15,USD,,,,,,,,,https://ed.team/cursos/apache-spark,
ED Team,Curso: Terraform desde cero,Curso,$25,USD,,5 horas,,,,,,,https://ed.team/cursos/terraform,
ED Team,Curso: Hacking ético: Elevación de privilegios en Linux,Curso,$30,USD,,6 horas,,,,,,,https://ed.team/cursos/seguridad-linux,
ED Team,Curso: Notion desde cero con IA,Curso,$60,USD,,4 horas,,,,,,,https://ed.team/cursos/notion,
ED Team,Curso: Angular avanzado,Curso,$40,USD,,8 horas,,,,,,,https://ed.team/cursos/angular-avanzado,
ED Team,Curso: C# desde cero,Curso,$20,USD,,4 horas,,,,,,,https://ed.team/cursos/csharp,
ED Team,Taller: EDcamp 2024: Tu primera app con IA,,$100,USD,,3 horas,,,,,,,https://ed.team/cursos/edcamp-2024-ia,
ED Team,Taller: Crea una app de reseñas para iOS con SwiftUI e Inteligencia Artificial,curso,$35,USD,,5 horas,,,,,,,https://ed.team/cursos/app-swift,
ED Team,Taller: Vibe Coding para programadores,Curso,$35,USD,,6 horas,,,,,,,https://ed.team/cursos/vibecoding,
ED Team,Curso: Crea aplicaciones con la API de OpenAI,Curso,$15,USD,,3 horas,,,,,,,https://ed.team/cursos/openai,
ED Team,Curso: Pruebas de carga y rendimiento con JMeter,Curso,$20,USD,,4 horas,,,,,,,https://ed.team/cursos/jmeter,
ED Team,Curso: Programación desde cero con Inteligencia Artificial,Curso,$60,USD,,5 horas,,,,,,,https://ed.team/cursos/programacion,
ED Team,Curso: Arquitectura hexagonal en Node.js,Curso,$25,USD,,4 horas,,,,,,,https://ed.team/cursos/arquitectura-hexagonal,
ED Team,Curso: Redes Neuronales con PyTorch,Curso,$25,USD,,4 horas,,,,,,,https://ed.team/cursos/pytorch,
ED Team,Curso: Cómo crear tu propio LLM,Curso,$20,USD,,3 horas,,,,,,,https://ed.team/cursos/llm,
ED Team,Curso: ¿Cómo publicar tu app en Google Play?,Curso,$10,USD,,3 horas,,,,,,,https://ed.team/cursos/google-play,
ED Team,Curso: Canva para negocios y marketing digital,Curso,$20,USD,,4 horas,,,,,,,https://ed.team/cursos/canva-negocios,
ED Team,Curso: Automatizalo TODO con n8n,Curso,$20,USD,,5 horas,,,,,,,https://ed.team/cursos/n8n,
ED Team,Curso: Crea aplicaciones IA con Python y LangChain,Curso,$20,USD,,3 horas,,,,,,,https://ed.team/cursos/langchain,
ED Team,Curso: Fundamentos de Ingeniería de Datos,Curso,$20,USD,,3 horas,,,,,,,https://ed.team/cursos/ingenieria-datos,
ED Team,Curso: Manejo de eventos en laravel,Curso,$20,USD,,4 horas,,,,,,,https://ed.team/cursos/eventos-laravel,
ED Team,Curso: Astro desde cero,Curso,$30,USD,,6 horas,,,,,,,https://ed.team/cursos/astro,
ED Team,Curso: Creación de interfaces con SwiftUI,Curso,$25,USD,,5 horas,,,,,,,https://ed.team/cursos/swiftui,
ED Team,Curso: Python desde cero 2023,Curso,$25,USD,,6 horas,,,,,,,https://ed.team/cursos/python,
ED Team,Taller: Desarrolla un sistema de reservas con Spring Boot y Angular,Curso,$49,USD,,8 horas,,,,,,,https://ed.team/cursos/apis-spring-angular,
ED Team,Curso: Microservicios con Nest.js,Curso,$35,USD,,,,,,,,,https://ed.team/cursos/microservicios-nest,
ED Team,Curso: HTML desde cero  (2024),Curso,$32,USD,,7 horas,,,,,,,https://ed.team/cursos/html,
ED Team,Curso: Cómo escribir prompts de IA que funcionen,Curso,$20,USD,,3 horas,,,,,,,https://ed.team/cursos/prompts,
ED Team,Curso: Canva desde cero (2025),Curso,$16,USD,,4 horas,,,,,,,https://ed.team/cursos/canva,
ED Team,Curso: Enrutamiento de redes (2025),Curso,$20,USD,,7 horas,,,,,,,https://ed.team/cursos/enrutamiento,
ED Team,Curso: JavaScript desde cero,Curso,$28,USD,,8 horas,,,,,,,https://ed.team/cursos/javascript,
ED Team,Curso: Construye tu primer emprendimiento desde cero,Curso,$60,USD,,4 horas,,,,,,,https://ed.team/cursos/empresa,
ED Team,Curso: CI/CD con CircleCI y Jenkins,Curso,$20,USD,,7 horas,,,,,,,https://ed.team/cursos/jenkins-circleci,
ED Team,Curso: MCP: Conecta la IA con todo,Curso,$40,USD,,4 horas,,,,,,,https://ed.team/cursos/mcp,
ED Team,Taller: Crea aplicaciones Angular del lado del servidor (SSR),Curso,$35,USD,,6 horas,,,,,,,https://ed.team/cursos/angular-ssr,
ED Team,Curso: Data science para negocios,Curso,$25,USD,,,,,,,,,https://ed.team/cursos/data-science,
ED Team,Curso: Domina las estructuras de datos con Inteligencia Artificial,Curso,$20,USD,,5 horas,,,,,,,https://ed.team/cursos/estructuras-datos,
ED Team,Curso: Pipelines CI/CD en Azure DevOps,Curso,$35,USD,,9 horas,,,,,,,https://ed.team/cursos/ci-cd-azure,
ED Team,Curso: Gestión reactiva en Angular con RxJS,Curso,$25,USD,,6 horas,,,,,,,https://ed.team/cursos/gestion-reactiva,
ED Team,Curso: Desarrollo full stack con IA,Curso,$60,USD,,,,,,,,,https://ed.team/cursos/fullstack-ia,
ED Team,Curso: Diseño con IA en Canva (2025),Curso,$25,USD,,5 horas,,,,,,,https://ed.team/cursos/canva-ia,
ED Team,Curso: ChatGPT para todos. De cero a experto,Curso,$24,USD,,3 horas,,,,,,,https://ed.team/cursos/chatgpt,
ED Team,Curso: Procesamiento de datos en Java con Streams y Lambdas,Curso,$16,USD,,5 horas,,,,,,,https://ed.team/cursos/java-streams-lambdas,
ED Team,Curso: Introducción a Claude para programadores,Curso,$15,USD,,3 horas,,,,,,,https://ed.team/cursos/claude,
ED Team,Curso: Agentes MCP con LangChain,Curso,$15,USD,,,,,,,,,https://ed.team/cursos/mcp-langchain,
ED Team,Curso: Claude Code,Curso,$40,USD,,4 horas,,,,,,,https://ed.team/cursos/claude-code,
ED Team,Curso: Análisis de datos en Python con NumPy y Pandas,Curso,$20,USD,,3 horas,,,,,,,https://ed.team/cursos/analisis-python,
ED Team,Curso: React desde cero con IA (2026),Curso,$39,USD,$48,,,,,,,,https://ed.team/cursos/react,
ED Team,Curso: Automatización de servidores con Ansible,Curso,$25,USD,,,,,,,,,https://ed.team/cursos/ansible,
ED Team,Taller: Análisis de Series Temporales en Negocios e inversiones,Curso,$21,USD,,3 horas,,,,,,,https://ed.team/cursos/series-temporales,
ED Team,Curso: Programación reactiva con Spring Boot,Curso,$15,USD,,5 horas,,,,,,,https://ed.team/cursos/spring-boot,
ED Team,Taller: Desarrolla apps interactivas con Nuxt y Gemini,Curso,$28,USD,,4 horas,,,,,,,https://ed.team/cursos/nuxt-gemini,
ED Team,Curso: RAG: Adapta la IA a tu información,Curso,$15,USD,,2 horas,,,,,,,https://ed.team/cursos/rag,
ED Team,Curso: Desarrollo de apps Android con APIs REST,Curso,$20,USD,,6 horas,,,,,,,https://ed.team/cursos/apis-rest-android,
ED Team,Curso: Ingeniería de datos para programadores,Curso,$30,USD,,,,,,,,,https://ed.team/cursos/data-engineering,
ED Team,Taller: Crea tu primer videojuego con Construct 3,Curso,$28,USD,,3 horas,,,,,,,https://ed.team/cursos/construct3,
ED Team,Curso: Desarrollo multiplataforma con Kotlin,Curso,$20,USD,,5 horas,,,,,,,https://ed.team/cursos/kotlin-multiplatform,
ED Team,Taller: Desarrolla un Sistema de pedidos con Laravel 11,Curso,$21,USD,,3 horas,,,,,,,https://ed.team/cursos/laravel-aplicacion,
ED Team,Curso: Inteligencia Artificial para todos (2025),Curso,$60,USD,,5 horas,,,,,,,https://ed.team/cursos/ia-2025,
ED Team,Curso: Servicios de IA en Azure,Curso,$20,USD,,4 horas,,,,,,,https://ed.team/cursos/azure-ai,
ED Team,Curso: Aprende Machine Learning desde cero con Scikit Learn,Curso,$20,USD,,3 horas,,,,,,,https://ed.team/cursos/scikit-learn,
ED Team,"Curso: Adobe Firefly, la IA generativa de Adobe",Curso,$25,USD,,4 horas,,,,,,,https://ed.team/cursos/firefly,
ED Team,"Curso: Supabase, Backend as a Service",Curso,$20,USD,,5 horas,,,,,,,https://ed.team/cursos/supabase,
ED Team,Curso: Manejo de datos con Swift,Curso,$25,USD,,5 horas,,,,,,,https://ed.team/cursos/swift-datos,
ED Team,Curso: Introducción a las arquitecturas limpias,Curso,$7,USD,,,,,,,,,https://ed.team/cursos/arquitectura-limpia,
ED Team,Curso: Introducción al Testing E2E,Curso,$20,USD,,5 horas,,,,,,,https://ed.team/cursos/testing-java,
ED Team,Curso: Kubernetes desde cero (2024),Curso,$35,USD,,8 horas,,,,,,,https://ed.team/cursos/kubernetes,
ED Team,Curso: Creación de imágenes en Midjourney,Curso,$20,USD,,5 horas,,,,,,,https://ed.team/cursos/midjourney,
ED Team,Curso: CI/CD con IA y GitHub Actions,Curso,$15,USD,,2 horas,,,,,,,https://ed.team/cursos/github-actions,
ED Team,Curso: Nest.js desde cero (2024),Curso,$30,USD,,,,,,,,,https://ed.team/cursos/nest,
ED Team,Curso: Crea y publica librerías en NPM,Curso,$10,USD,,2 horas,,,,,,,https://ed.team/cursos/npm,
ED Team,,Curso,,,,,,,,,,,https://ed.team/cursos/gratis,
ED Team,Curso: Concurrencia y manejo de hilos en Java,Curso,$20,USD,,6 horas,,,,,,,https://ed.team/cursos/java-concurrencia,
ED Team,Curso: Domina Hugging face desde cero,Curso,$20,USD,,3 horas,,,,,,,https://ed.team/cursos/huggingface,
